,Country,Year,Index,Rank
0,Afghanistan,2013,4.04,143.0
1,Afghanistan,2015,3.575,153.0
2,Afghanistan,2016,3.36,154.0
3,Afghanistan,2017,3.794,141.0
4,Afghanistan,2018,3.632,145.0
5,Afghanistan,2019,3.203,154.0
6,Afghanistan,2020,2.567,153.0
7,Afghanistan,2021,2.523,149.0
8,Afghanistan,2022,2.404,146.0
9,Afghanistan,2023,1.859,137.0
10,Albania,2013,5.55,62.0
11,Albania,2015,4.959,95.0
12,Albania,2016,4.655,109.0
13,Albania,2017,4.644,109.0
14,Albania,2018,4.586,112.0
15,Albania,2019,4.719,107.0
16,Albania,2020,4.883,105.0
17,Albania,2021,5.117,93.0
18,Albania,2022,5.199,90.0
19,Albania,2023,5.277,83.0
20,Algeria,2013,5.422,73.0
21,Algeria,2015,5.605,68.0
22,Algeria,2016,6.355,38.0
23,Algeria,2017,5.872,53.0
24,Algeria,2018,5.295,84.0
25,Algeria,2019,5.211,88.0
26,Algeria,2020,5.005,100.0
27,Algeria,2021,4.887,109.0
28,Algeria,2022,5.122,96.0
29,Algeria,2023,5.329,81.0
30,Angola,2013,5.589,61.0
31,Angola,2015,4.033,137.0
32,Angola,2016,3.866,141.0
33,Angola,2017,3.795,140.0
34,Angola,2018,3.795,142.0
40,Argentina,2013,6.562,29.0
41,Argentina,2015,6.574,30.0
42,Argentina,2016,6.65,26.0
43,Argentina,2017,6.599,24.0
44,Argentina,2018,6.388,29.0
45,Argentina,2019,6.086,47.0
46,Argentina,2020,5.975,55.0
47,Argentina,2021,5.929,57.0
48,Argentina,2022,5.967,57.0
49,Argentina,2023,6.024,52.0
50,Armenia,2013,4.316,128.0
51,Armenia,2015,4.35,127.0
52,Armenia,2016,4.36,121.0
53,Armenia,2017,4.376,121.0
54,Armenia,2018,4.321,129.0
55,Armenia,2019,4.559,116.0
56,Armenia,2020,4.677,116.0
57,Armenia,2021,5.283,86.0
58,Armenia,2022,5.399,82.0
59,Armenia,2023,5.342,79.0
60,Australia,2013,7.35,10.0
61,Australia,2015,7.284,10.0
62,Australia,2016,7.313,9.0
63,Australia,2017,7.284,9.0
64,Australia,2018,7.272,10.0
65,Australia,2019,7.228,11.0
66,Australia,2020,7.223,12.0
67,Australia,2021,7.183,11.0
68,Australia,2022,7.162,12.0
69,Australia,2023,7.095,12.0
70,Austria,2013,7.369,8.0
71,Austria,2015,7.2,13.0
72,Austria,2016,7.119,12.0
73,Austria,2017,7.006,13.0
74,Austria,2018,7.139,12.0
75,Austria,2019,7.246,10.0
76,Austria,2020,7.294,9.0
77,Austria,2021,7.268,10.0
78,Austria,2022,7.163,11.0
79,Austria,2023,7.097,11.0
80,Azerbaijan,2013,4.604,116.0
81,Azerbaijan,2015,5.212,80.0
82,Azerbaijan,2016,5.291,81.0
83,Azerbaijan,2017,5.234,85.0
84,Azerbaijan,2018,5.201,87.0
85,Azerbaijan,2019,5.208,90.0
86,Azerbaijan,2020,5.165,89.0
87,Azerbaijan,2021,5.171,90.0
88,Azerbaijan,2022,5.173,92.0
90,Bahrain,2013,5.312,79.0
91,Bahrain,2015,5.96,49.0
92,Bahrain,2016,6.218,42.0
93,Bahrain,2017,6.087,41.0
94,Bahrain,2018,6.105,43.0
95,Bahrain,2019,6.199,37.0
96,Bahrain,2020,6.227,40.0
97,Bahrain,2021,6.647,22.0
98,Bahrain,2022,6.647,21.0
99,Bahrain,2023,6.173,42.0
100,Bangladesh,2013,4.804,108.0
101,Bangladesh,2015,4.694,109.0
102,Bangladesh,2016,4.643,110.0
103,Bangladesh,2017,4.608,110.0
104,Bangladesh,2018,4.5,115.0
105,Bangladesh,2019,4.456,125.0
106,Bangladesh,2020,4.833,107.0
107,Bangladesh,2021,5.025,101.0
108,Bangladesh,2022,5.155,94.0
109,Bangladesh,2023,4.282,118.0
110,Belarus,2013,5.504,66.0
111,Belarus,2015,5.813,59.0
112,Belarus,2016,5.802,61.0
113,Belarus,2017,5.569,67.0
114,Belarus,2018,5.483,73.0
115,Belarus,2019,5.323,81.0
116,Belarus,2020,5.54,75.0
117,Belarus,2021,5.534,75.0
118,Belarus,2022,5.821,65.0
120,Belgium,2013,6.967,21.0
121,Belgium,2015,6.937,19.0
122,Belgium,2016,6.929,18.0
123,Belgium,2017,6.891,17.0
124,Belgium,2018,6.927,16.0
125,Belgium,2019,6.923,18.0
126,Belgium,2020,6.864,20.0
127,Belgium,2021,6.834,20.0
128,Belgium,2022,6.805,19.0
129,Belgium,2023,6.859,17.0
132,Belize,2016,5.956,52.0
133,Belize,2017,5.956,50.0
134,Belize,2018,5.956,49.0
140,Benin,2013,3.528,155.0
141,Benin,2015,3.34,155.0
142,Benin,2016,3.484,153.0
143,Benin,2017,3.657,143.0
144,Benin,2018,4.141,136.0
145,Benin,2019,4.883,102.0
146,Benin,2020,5.216,86.0
147,Benin,2021,5.045,99.0
148,Benin,2022,4.623,115.0
149,Benin,2023,4.374,116.0
151,Bhutan,2015,5.253,79.0
152,Bhutan,2016,5.196,84.0
153,Bhutan,2017,5.011,97.0
154,Bhutan,2018,5.082,97.0
155,Bhutan,2019,5.082,95.0
160,Bolivia,2013,5.857,50.0
161,Bolivia,2015,5.89,51.0
162,Bolivia,2016,5.822,59.0
163,Bolivia,2017,5.823,58.0
164,Bolivia,2018,5.752,62.0
165,Bolivia,2019,5.779,61.0
166,Bolivia,2020,5.747,65.0
167,Bolivia,2021,5.716,69.0
168,Bolivia,2022,5.6,71.0
169,Bolivia,2023,5.684,69.0
170,Bosnia and Herzegovina,2013,4.813,107.0
171,Bosnia and Herzegovina,2015,4.949,96.0
172,Bosnia and Herzegovina,2016,5.163,87.0
173,Bosnia and Herzegovina,2017,5.182,90.0
174,Bosnia and Herzegovina,2018,5.129,93.0
175,Bosnia and Herzegovina,2019,5.386,78.0
176,Bosnia and Herzegovina,2020,5.674,69.0
177,Bosnia and Herzegovina,2021,5.813,64.0
178,Bosnia and Herzegovina,2022,5.768,67.0
179,Bosnia and Herzegovina,2023,5.633,71.0
180,Botswana,2013,3.97,145.0
181,Botswana,2015,4.332,128.0
182,Botswana,2016,3.974,137.0
183,Botswana,2017,3.766,142.0
184,Botswana,2018,3.59,146.0
185,Botswana,2019,3.488,148.0
186,Botswana,2020,3.479,147.0
187,Botswana,2021,3.467,146.0
188,Botswana,2022,3.471,142.0
189,Botswana,2023,3.435,132.0
190,Brazil,2013,6.849,24.0
191,Brazil,2015,6.983,16.0
192,Brazil,2016,6.952,17.0
193,Brazil,2017,6.635,22.0
194,Brazil,2018,6.419,28.0
195,Brazil,2019,6.3,32.0
196,Brazil,2020,6.376,32.0
197,Brazil,2021,6.33,35.0
198,Brazil,2022,6.293,38.0
199,Brazil,2023,6.125,49.0
200,Bulgaria,2013,3.981,144.0
201,Bulgaria,2015,4.218,134.0
202,Bulgaria,2016,4.217,129.0
203,Bulgaria,2017,4.714,105.0
204,Bulgaria,2018,4.933,100.0
205,Bulgaria,2019,5.011,97.0
206,Bulgaria,2020,5.102,96.0
207,Bulgaria,2021,5.266,88.0
208,Bulgaria,2022,5.371,85.0
209,Bulgaria,2023,5.466,77.0
210,Burkina Faso,2013,4.259,131.0
211,Burkina Faso,2015,3.587,152.0
212,Burkina Faso,2016,3.739,146.0
213,Burkina Faso,2017,4.032,134.0
214,Burkina Faso,2018,4.424,121.0
215,Burkina Faso,2019,4.587,115.0
216,Burkina Faso,2020,4.769,112.0
217,Burkina Faso,2021,4.834,113.0
218,Burkina Faso,2022,4.67,113.0
219,Burkina Faso,2023,4.638,104.0
220,Burundi,2013,3.706,153.0
221,Burundi,2015,2.905,157.0
222,Burundi,2016,2.905,157.0
223,Burundi,2017,2.905,154.0
224,Burundi,2018,2.905,156.0
225,Burundi,2019,3.775,145.0
226,Burundi,2020,3.775,140.0
227,Burundi,2021,3.775,140.0
230,Cambodia,2013,4.067,140.0
231,Cambodia,2015,3.819,145.0
232,Cambodia,2016,3.907,140.0
233,Cambodia,2017,4.168,129.0
234,Cambodia,2018,4.433,120.0
235,Cambodia,2019,4.7,109.0
236,Cambodia,2020,4.848,106.0
237,Cambodia,2021,4.83,114.0
238,Cambodia,2022,4.64,114.0
239,Cambodia,2023,4.393,115.0
240,Cameroon,2013,4.42,122.0
241,Cameroon,2015,4.252,133.0
242,Cameroon,2016,4.513,114.0
243,Cameroon,2017,4.695,107.0
244,Cameroon,2018,4.975,99.0
245,Cameroon,2019,5.044,96.0
246,Cameroon,2020,5.085,98.0
247,Cameroon,2021,5.142,91.0
248,Cameroon,2022,5.048,102.0
249,Cameroon,2023,4.973,96.0
250,Canada,2013,7.477,6.0
251,Canada,2015,7.427,5.0
252,Canada,2016,7.404,6.0
253,Canada,2017,7.316,7.0
254,Canada,2018,7.328,7.0
255,Canada,2019,7.278,9.0
256,Canada,2020,7.232,11.0
257,Canada,2021,7.103,14.0
258,Canada,2022,7.025,15.0
259,Canada,2023,6.961,13.0
260,Central African Republic,2013,3.623,154.0
261,Central African Republic,2015,3.678,148.0
263,Central African Republic,2017,2.693,155.0
264,Central African Republic,2018,3.083,155.0
265,Central African Republic,2019,3.083,155.0
266,Central African Republic,2020,3.476,149.0
270,Chad,2013,4.056,141.0
271,Chad,2015,3.667,149.0
272,Chad,2016,3.763,144.0
273,Chad,2017,3.936,137.0
274,Chad,2018,4.301,131.0
275,Chad,2019,4.35,132.0
276,Chad,2020,4.423,127.0
277,Chad,2021,4.355,128.0
278,Chad,2022,4.251,130.0
279,Chad,2023,4.397,114.0
280,Chile,2013,6.587,28.0
281,Chile,2015,6.67,27.0
282,Chile,2016,6.705,24.0
283,Chile,2017,6.652,20.0
284,Chile,2018,6.476,25.0
285,Chile,2019,6.444,26.0
286,Chile,2020,6.228,39.0
287,Chile,2021,6.172,43.0
288,Chile,2022,6.172,44.0
289,Chile,2023,6.334,35.0
290,China,2013,4.978,93.0
291,China,2015,5.14,84.0
292,China,2016,5.245,83.0
293,China,2017,5.273,79.0
294,China,2018,5.246,86.0
295,China,2019,5.191,93.0
296,China,2020,5.124,94.0
297,China,2021,5.339,84.0
298,China,2022,5.585,72.0
299,China,2023,5.818,64.0
300,Colombia,2013,6.416,35.0
301,Colombia,2015,6.477,33.0
302,Colombia,2016,6.481,31.0
303,Colombia,2017,6.357,36.0
304,Colombia,2018,6.26,37.0
305,Colombia,2019,6.125,43.0
306,Colombia,2020,6.163,44.0
307,Colombia,2021,6.012,52.0
308,Colombia,2022,5.781,66.0
309,Colombia,2023,5.63,72.0
310,Comoros,2013,3.851,149.0
311,Comoros,2015,3.956,140.0
312,Comoros,2016,3.956,138.0
315,Comoros,2019,3.973,142.0
316,Comoros,2020,4.289,134.0
317,Comoros,2021,4.289,131.0
318,Comoros,2022,4.609,116.0
319,Comoros,2023,3.545,130.0
328,Congo,2022,5.075,99.0
330,Congo Brazzaville,2013,4.297,129.0
331,Congo Brazzaville,2015,3.989,139.0
332,Congo Brazzaville,2016,4.236,127.0
333,Congo Brazzaville,2017,4.291,124.0
334,Congo Brazzaville,2018,4.559,114.0
335,Congo Brazzaville,2019,4.812,103.0
336,Congo Brazzaville,2020,5.194,88.0
337,Congo Brazzaville,2021,5.342,83.0
339,Congo Brazzaville,2023,5.267,86.0
340,Congo Kinshasa,2013,4.578,117.0
341,Congo Kinshasa,2015,4.517,120.0
342,Congo Kinshasa,2016,4.272,125.0
343,Congo Kinshasa,2017,4.28,126.0
344,Congo Kinshasa,2018,4.245,132.0
345,Congo Kinshasa,2019,4.418,127.0
346,Congo Kinshasa,2020,4.311,131.0
349,Congo Kinshasa,2023,3.207,133.0
350,Costa Rica,2013,7.257,12.0
351,Costa Rica,2015,7.226,12.0
352,Costa Rica,2016,7.087,14.0
353,Costa Rica,2017,7.079,12.0
354,Costa Rica,2018,7.072,13.0
355,Costa Rica,2019,7.167,12.0
356,Costa Rica,2020,7.121,15.0
357,Costa Rica,2021,7.069,16.0
358,Costa Rica,2022,6.582,23.0
359,Costa Rica,2023,6.609,23.0
360,Croatia,2013,5.661,58.0
361,Croatia,2015,5.759,62.0
362,Croatia,2016,5.488,74.0
363,Croatia,2017,5.293,77.0
364,Croatia,2018,5.321,82.0
365,Croatia,2019,5.432,75.0
366,Croatia,2020,5.505,79.0
367,Croatia,2021,5.882,60.0
368,Croatia,2022,6.125,47.0
369,Croatia,2023,6.125,48.0
370,Cyprus,2013,6.466,34.0
371,Cyprus,2015,5.689,67.0
372,Cyprus,2016,5.546,69.0
373,Cyprus,2017,5.621,65.0
374,Cyprus,2018,5.762,61.0
375,Cyprus,2019,6.046,49.0
376,Cyprus,2020,6.159,45.0
377,Cyprus,2021,6.223,39.0
378,Cyprus,2022,6.221,41.0
379,Cyprus,2023,6.13,46.0
380,Czechia,2013,6.29,39.0
381,Czechia,2015,6.505,31.0
382,Czechia,2016,6.596,27.0
383,Czechia,2017,6.609,23.0
384,Czechia,2018,6.711,21.0
385,Czechia,2019,6.852,20.0
386,Czechia,2020,6.911,19.0
387,Czechia,2021,6.965,18.0
388,Czechia,2022,6.92,18.0
389,Czechia,2023,6.845,18.0
390,Denmark,2013,7.693,1.0
391,Denmark,2015,7.527,3.0
392,Denmark,2016,7.526,1.0
393,Denmark,2017,7.522,2.0
394,Denmark,2018,7.555,3.0
395,Denmark,2019,7.6,2.0
396,Denmark,2020,7.646,2.0
397,Denmark,2021,7.62,2.0
398,Denmark,2022,7.636,2.0
399,Denmark,2023,7.586,2.0
400,Djibouti,2013,4.69,114.0
401,Djibouti,2015,4.369,126.0
410,Dominican Republic,2013,4.963,95.0
411,Dominican Republic,2015,4.885,98.0
412,Dominican Republic,2016,5.155,89.0
413,Dominican Republic,2017,5.23,86.0
414,Dominican Republic,2018,5.302,83.0
415,Dominican Republic,2019,5.425,77.0
416,Dominican Republic,2020,5.689,68.0
417,Dominican Republic,2021,5.545,73.0
418,Dominican Republic,2022,5.737,69.0
419,Dominican Republic,2023,5.569,73.0
420,Ecuador,2013,5.865,49.0
421,Ecuador,2015,5.975,48.0
422,Ecuador,2016,5.976,51.0
423,Ecuador,2017,6.008,44.0
424,Ecuador,2018,5.973,48.0
425,Ecuador,2019,6.028,50.0
426,Ecuador,2020,5.925,58.0
427,Ecuador,2021,5.764,66.0
428,Ecuador,2022,5.533,76.0
429,Ecuador,2023,5.559,74.0
430,Egypt,2013,4.273,130.0
431,Egypt,2015,4.194,135.0
432,Egypt,2016,4.362,120.0
433,Egypt,2017,4.735,104.0
434,Egypt,2018,4.419,122.0
435,Egypt,2019,4.166,137.0
436,Egypt,2020,4.151,138.0
437,Egypt,2021,4.283,132.0
438,Egypt,2022,4.288,129.0
439,Egypt,2023,4.17,121.0
440,El Salvador,2013,5.809,52.0
441,El Salvador,2015,6.13,42.0
442,El Salvador,2016,6.068,46.0
443,El Salvador,2017,6.003,45.0
444,El Salvador,2018,6.167,40.0
445,El Salvador,2019,6.253,35.0
446,El Salvador,2020,6.348,34.0
447,El Salvador,2021,6.061,49.0
448,El Salvador,2022,6.12,49.0
449,El Salvador,2023,6.122,50.0
450,Estonia,2013,5.426,72.0
451,Estonia,2015,5.429,73.0
452,Estonia,2016,5.517,72.0
453,Estonia,2017,5.611,66.0
454,Estonia,2018,5.739,63.0
455,Estonia,2019,5.893,55.0
456,Estonia,2020,6.022,51.0
457,Estonia,2021,6.189,40.0
458,Estonia,2022,6.341,36.0
459,Estonia,2023,6.455,31.0
468,Eswatini,2022,4.396,125.0
470,Ethiopia,2013,4.561,119.0
471,Ethiopia,2015,4.512,122.0
472,Ethiopia,2016,4.508,115.0
473,Ethiopia,2017,4.46,119.0
474,Ethiopia,2018,4.35,127.0
475,Ethiopia,2019,4.286,134.0
476,Ethiopia,2020,4.186,136.0
477,Ethiopia,2021,4.275,133.0
478,Ethiopia,2022,4.241,131.0
479,Ethiopia,2023,4.091,124.0
480,Finland,2013,7.389,7.0
481,Finland,2015,7.406,6.0
482,Finland,2016,7.413,5.0
483,Finland,2017,7.469,5.0
484,Finland,2018,7.632,1.0
485,Finland,2019,7.769,1.0
486,Finland,2020,7.809,1.0
487,Finland,2021,7.842,1.0
488,Finland,2022,7.821,1.0
489,Finland,2023,7.804,1.0
490,France,2013,6.764,25.0
491,France,2015,6.575,29.0
492,France,2016,6.478,32.0
493,France,2017,6.442,31.0
494,France,2018,6.489,23.0
495,France,2019,6.592,24.0
496,France,2020,6.664,23.0
497,France,2021,6.69,21.0
498,France,2022,6.687,20.0
499,France,2023,6.661,21.0
500,Gabon,2013,4.114,138.0
501,Gabon,2015,3.896,143.0
502,Gabon,2016,4.121,134.0
503,Gabon,2017,4.465,118.0
504,Gabon,2018,4.758,103.0
505,Gabon,2019,4.799,104.0
506,Gabon,2020,4.829,108.0
507,Gabon,2021,4.852,112.0
508,Gabon,2022,4.958,106.0
509,Gabon,2023,5.035,94.0
515,Gambia,2019,4.516,120.0
516,Gambia,2020,4.751,113.0
517,Gambia,2021,5.051,98.0
518,Gambia,2022,5.164,93.0
519,Gambia,2023,4.279,119.0
520,Georgia,2013,4.187,134.0
521,Georgia,2015,4.297,130.0
522,Georgia,2016,4.252,126.0
523,Georgia,2017,4.286,125.0
524,Georgia,2018,4.34,128.0
525,Georgia,2019,4.519,119.0
526,Georgia,2020,4.673,117.0
527,Georgia,2021,4.891,108.0
528,Georgia,2022,4.973,105.0
529,Georgia,2023,5.109,90.0
530,Germany,2013,6.672,26.0
531,Germany,2015,6.75,26.0
532,Germany,2016,6.994,16.0
533,Germany,2017,6.951,16.0
534,Germany,2018,6.965,15.0
535,Germany,2019,6.985,17.0
536,Germany,2020,7.076,17.0
537,Germany,2021,7.155,13.0
538,Germany,2022,7.034,14.0
539,Germany,2023,6.892,16.0
540,Ghana,2013,5.091,86.0
541,Ghana,2015,4.633,114.0
542,Ghana,2016,4.276,124.0
543,Ghana,2017,4.12,131.0
544,Ghana,2018,4.657,108.0
545,Ghana,2019,4.996,98.0
546,Ghana,2020,5.148,91.0
547,Ghana,2021,5.088,95.0
548,Ghana,2022,4.872,111.0
549,Ghana,2023,4.605,107.0
550,Greece,2013,5.435,70.0
551,Greece,2015,4.857,102.0
552,Greece,2016,5.033,99.0
553,Greece,2017,5.227,87.0
554,Greece,2018,5.358,79.0
555,Greece,2019,5.287,82.0
556,Greece,2020,5.515,77.0
557,Greece,2021,5.723,68.0
558,Greece,2022,5.948,58.0
559,Greece,2023,5.931,58.0
560,Guatemala,2013,5.965,47.0
561,Guatemala,2015,6.123,43.0
562,Guatemala,2016,6.324,39.0
563,Guatemala,2017,6.454,29.0
564,Guatemala,2018,6.382,30.0
565,Guatemala,2019,6.436,27.0
566,Guatemala,2020,6.399,29.0
567,Guatemala,2021,6.435,30.0
568,Guatemala,2022,6.262,39.0
569,Guatemala,2023,6.15,43.0
570,Guinea,2013,3.847,150.0
571,Guinea,2015,3.656,150.0
572,Guinea,2016,3.607,151.0
573,Guinea,2017,3.507,149.0
574,Guinea,2018,3.964,140.0
575,Guinea,2019,4.534,118.0
576,Guinea,2020,4.949,102.0
577,Guinea,2021,4.984,102.0
578,Guinea,2022,4.891,109.0
579,Guinea,2023,5.072,91.0
580,Haiti,2013,4.341,126.0
581,Haiti,2015,4.518,119.0
582,Haiti,2016,4.028,136.0
583,Haiti,2017,3.603,145.0
584,Haiti,2018,3.582,148.0
585,Haiti,2019,3.597,147.0
586,Haiti,2020,3.721,142.0
587,Haiti,2021,3.615,143.0
590,Honduras,2013,5.142,84.0
591,Honduras,2015,4.788,105.0
592,Honduras,2016,4.871,104.0
593,Honduras,2017,5.181,91.0
594,Honduras,2018,5.504,72.0
595,Honduras,2019,5.86,59.0
596,Honduras,2020,5.953,56.0
597,Honduras,2021,5.919,59.0
598,Honduras,2022,6.022,55.0
599,Honduras,2023,6.023,53.0
600,Hong Kong,2013,5.523,64.0
601,Hong Kong,2015,5.474,72.0
602,Hong Kong,2016,5.458,75.0
603,Hong Kong,2017,5.472,71.0
604,Hong Kong,2018,5.43,76.0
605,Hong Kong,2019,5.43,76.0
606,Hong Kong,2020,5.51,78.0
607,Hong Kong,2021,5.477,77.0
608,Hong Kong,2022,5.425,81.0
609,Hong Kong,2023,5.308,82.0
610,Hungary,2013,4.775,110.0
611,Hungary,2015,4.8,104.0
612,Hungary,2016,5.145,91.0
613,Hungary,2017,5.324,75.0
614,Hungary,2018,5.62,69.0
615,Hungary,2019,5.758,62.0
616,Hungary,2020,6.0,53.0
617,Hungary,2021,5.992,53.0
618,Hungary,2022,6.086,51.0
619,Hungary,2023,6.041,51.0
620,Iceland,2013,7.355,9.0
621,Iceland,2015,7.561,2.0
622,Iceland,2016,7.501,3.0
623,Iceland,2017,7.504,3.0
624,Iceland,2018,7.494,4.0
625,Iceland,2019,7.554,4.0
626,Iceland,2020,7.504,4.0
627,Iceland,2021,7.554,4.0
628,Iceland,2022,7.557,3.0
629,Iceland,2023,7.53,3.0
630,India,2013,4.772,111.0
631,India,2015,4.565,117.0
632,India,2016,4.404,118.0
633,India,2017,4.315,122.0
634,India,2018,4.19,133.0
635,India,2019,4.015,140.0
636,India,2020,3.573,144.0
637,India,2021,3.819,139.0
638,India,2022,3.777,136.0
639,India,2023,4.036,126.0
640,Indonesia,2013,5.348,76.0
641,Indonesia,2015,5.399,74.0
642,Indonesia,2016,5.314,79.0
643,Indonesia,2017,5.262,81.0
644,Indonesia,2018,5.093,96.0
645,Indonesia,2019,5.192,92.0
646,Indonesia,2020,5.286,84.0
647,Indonesia,2021,5.345,82.0
648,Indonesia,2022,5.24,87.0
649,Indonesia,2023,5.277,84.0
650,Iran,2013,4.643,115.0
651,Iran,2015,4.686,110.0
652,Iran,2016,4.813,105.0
653,Iran,2017,4.692,108.0
654,Iran,2018,4.707,106.0
655,Iran,2019,4.548,117.0
656,Iran,2020,4.672,118.0
657,Iran,2021,4.721,118.0
658,Iran,2022,4.888,110.0
659,Iran,2023,4.876,101.0
660,Iraq,2013,4.817,105.0
661,Iraq,2015,4.677,112.0
662,Iraq,2016,4.575,112.0
663,Iraq,2017,4.497,117.0
664,Iraq,2018,4.456,117.0
665,Iraq,2019,4.437,126.0
666,Iraq,2020,4.785,110.0
667,Iraq,2021,4.854,111.0
668,Iraq,2022,4.941,107.0
669,Iraq,2023,4.941,98.0
670,Ireland,2013,7.076,18.0
671,Ireland,2015,6.94,18.0
672,Ireland,2016,6.907,19.0
673,Ireland,2017,6.977,15.0
674,Ireland,2018,6.977,14.0
675,Ireland,2019,7.021,16.0
676,Ireland,2020,7.094,16.0
677,Ireland,2021,7.085,15.0
678,Ireland,2022,7.041,13.0
679,Ireland,2023,6.911,14.0
680,Israel,2013,7.301,11.0
681,Israel,2015,7.278,11.0
682,Israel,2016,7.267,11.0
683,Israel,2017,7.213,11.0
684,Israel,2018,7.19,11.0
685,Israel,2019,7.139,13.0
686,Israel,2020,7.129,14.0
687,Israel,2021,7.157,12.0
688,Israel,2022,7.364,9.0
689,Israel,2023,7.473,4.0
690,Italy,2013,6.021,45.0
691,Italy,2015,5.948,50.0
692,Italy,2016,5.977,50.0
693,Italy,2017,5.964,48.0
694,Italy,2018,6.0,47.0
695,Italy,2019,6.223,36.0
696,Italy,2020,6.387,30.0
697,Italy,2021,6.483,28.0
698,Italy,2022,6.467,31.0
699,Italy,2023,6.405,33.0
701,Ivory Coast,2015,3.655,151.0
702,Ivory Coast,2016,3.916,139.0
703,Ivory Coast,2017,4.18,128.0
704,Ivory Coast,2018,4.671,107.0
705,Ivory Coast,2019,4.944,99.0
706,Ivory Coast,2020,5.233,85.0
707,Ivory Coast,2021,5.306,85.0
708,Ivory Coast,2022,5.235,88.0
709,Ivory Coast,2023,5.053,93.0
710,Jamaica,2013,5.374,75.0
711,Jamaica,2015,5.709,65.0
712,Jamaica,2016,5.51,73.0
713,Jamaica,2017,5.311,76.0
714,Jamaica,2018,5.89,56.0
715,Jamaica,2019,5.89,56.0
716,Jamaica,2020,5.89,60.0
717,Jamaica,2021,6.309,37.0
718,Jamaica,2022,5.85,63.0
719,Jamaica,2023,5.703,68.0
720,Japan,2013,6.064,43.0
721,Japan,2015,5.987,46.0
722,Japan,2016,5.921,53.0
723,Japan,2017,5.92,51.0
724,Japan,2018,5.915,54.0
725,Japan,2019,5.886,58.0
726,Japan,2020,5.871,62.0
727,Japan,2021,5.94,56.0
728,Japan,2022,6.039,54.0
729,Japan,2023,6.129,47.0
730,Jordan,2013,5.414,74.0
731,Jordan,2015,5.192,82.0
732,Jordan,2016,5.303,80.0
733,Jordan,2017,5.336,74.0
734,Jordan,2018,5.161,90.0
735,Jordan,2019,4.906,101.0
736,Jordan,2020,4.633,119.0
737,Jordan,2021,4.395,127.0
738,Jordan,2022,4.152,134.0
739,Jordan,2023,4.12,123.0
740,Kazakhstan,2013,5.671,57.0
741,Kazakhstan,2015,5.855,54.0
742,Kazakhstan,2016,5.919,54.0
743,Kazakhstan,2017,5.819,60.0
744,Kazakhstan,2018,5.79,60.0
745,Kazakhstan,2019,5.809,60.0
746,Kazakhstan,2020,6.058,50.0
747,Kazakhstan,2021,6.152,45.0
748,Kazakhstan,2022,6.234,40.0
749,Kazakhstan,2023,6.144,44.0
750,Kenya,2013,4.403,123.0
751,Kenya,2015,4.419,125.0
752,Kenya,2016,4.356,122.0
753,Kenya,2017,4.553,112.0
754,Kenya,2018,4.41,124.0
755,Kenya,2019,4.509,121.0
756,Kenya,2020,4.583,121.0
757,Kenya,2021,4.607,121.0
758,Kenya,2022,4.543,119.0
759,Kenya,2023,4.487,111.0
760,Kosovo,2013,5.222,83.0
761,Kosovo,2015,5.589,69.0
762,Kosovo,2016,5.401,77.0
763,Kosovo,2017,5.279,78.0
764,Kosovo,2018,5.662,66.0
765,Kosovo,2019,6.1,46.0
766,Kosovo,2020,6.325,35.0
767,Kosovo,2021,6.372,33.0
768,Kosovo,2022,6.455,32.0
769,Kosovo,2023,6.368,34.0
770,Kuwait,2013,6.515,32.0
771,Kuwait,2015,6.295,39.0
772,Kuwait,2016,6.239,41.0
773,Kuwait,2017,6.105,39.0
774,Kuwait,2018,6.083,45.0
775,Kuwait,2019,6.021,51.0
776,Kuwait,2020,6.102,48.0
777,Kuwait,2021,6.106,47.0
778,Kuwait,2022,6.106,50.0
780,Kyrgyzstan,2013,5.042,89.0
781,Kyrgyzstan,2015,5.286,77.0
782,Kyrgyzstan,2016,5.185,85.0
783,Kyrgyzstan,2017,5.004,98.0
784,Kyrgyzstan,2018,5.131,92.0
785,Kyrgyzstan,2019,5.261,86.0
786,Kyrgyzstan,2020,5.542,74.0
787,Kyrgyzstan,2021,5.744,67.0
788,Kyrgyzstan,2022,5.828,64.0
789,Kyrgyzstan,2023,5.825,62.0
790,Laos,2013,4.787,109.0
791,Laos,2015,4.876,99.0
792,Laos,2016,4.876,102.0
794,Laos,2018,4.623,110.0
795,Laos,2019,4.796,105.0
796,Laos,2020,4.889,104.0
797,Laos,2021,5.03,100.0
798,Laos,2022,5.14,95.0
799,Laos,2023,5.111,89.0
800,Latvia,2013,5.046,88.0
801,Latvia,2015,5.098,89.0
802,Latvia,2016,5.56,68.0
803,Latvia,2017,5.85,54.0
804,Latvia,2018,5.933,53.0
805,Latvia,2019,5.94,53.0
806,Latvia,2020,5.95,57.0
807,Latvia,2021,6.032,51.0
808,Latvia,2022,6.18,42.0
809,Latvia,2023,6.213,41.0
810,Lebanon,2013,4.931,97.0
811,Lebanon,2015,4.839,103.0
812,Lebanon,2016,5.129,93.0
813,Lebanon,2017,5.225,88.0
814,Lebanon,2018,5.199,88.0
815,Lebanon,2019,5.197,91.0
816,Lebanon,2020,4.772,111.0
817,Lebanon,2021,4.584,123.0
818,Lebanon,2022,2.955,145.0
819,Lebanon,2023,2.392,136.0
820,Lesotho,2013,4.898,98.0
821,Lesotho,2015,4.898,97.0
823,Lesotho,2017,3.808,139.0
824,Lesotho,2018,3.808,141.0
825,Lesotho,2019,3.802,144.0
826,Lesotho,2020,3.653,143.0
827,Lesotho,2021,3.512,145.0
828,Lesotho,2022,3.512,141.0
830,Liberia,2013,4.196,133.0
831,Liberia,2015,4.571,116.0
832,Liberia,2016,3.622,150.0
833,Liberia,2017,3.533,148.0
834,Liberia,2018,3.495,149.0
835,Liberia,2019,3.975,141.0
836,Liberia,2020,4.558,124.0
837,Liberia,2021,4.625,120.0
838,Liberia,2022,5.122,97.0
839,Liberia,2023,4.042,125.0
840,Libya,2013,5.34,78.0
841,Libya,2015,5.754,63.0
842,Libya,2016,5.615,67.0
843,Libya,2017,5.525,68.0
844,Libya,2018,5.566,70.0
845,Libya,2019,5.525,72.0
846,Libya,2020,5.489,80.0
847,Libya,2021,5.41,80.0
848,Libya,2022,5.33,86.0
850,Lithuania,2013,5.426,71.0
851,Lithuania,2015,5.833,56.0
852,Lithuania,2016,5.813,60.0
853,Lithuania,2017,5.902,52.0
854,Lithuania,2018,5.952,50.0
855,Lithuania,2019,6.149,42.0
856,Lithuania,2020,6.215,41.0
857,Lithuania,2021,6.255,38.0
858,Lithuania,2022,6.446,34.0
859,Lithuania,2023,6.763,20.0
860,Luxembourg,2013,7.054,19.0
861,Luxembourg,2015,6.946,17.0
862,Luxembourg,2016,6.871,20.0
863,Luxembourg,2017,6.863,18.0
864,Luxembourg,2018,6.91,17.0
865,Luxembourg,2019,7.09,14.0
866,Luxembourg,2020,7.238,10.0
867,Luxembourg,2021,7.324,8.0
868,Luxembourg,2022,7.404,6.0
869,Luxembourg,2023,7.228,9.0
870,Madagascar,2013,3.966,146.0
871,Madagascar,2015,3.681,147.0
872,Madagascar,2016,3.695,148.0
873,Madagascar,2017,3.644,144.0
874,Madagascar,2018,3.774,143.0
875,Madagascar,2019,3.933,143.0
876,Madagascar,2020,4.166,137.0
877,Madagascar,2021,4.208,135.0
878,Madagascar,2022,4.339,128.0
879,Madagascar,2023,4.019,127.0
880,Malawi,2013,4.113,139.0
881,Malawi,2015,4.292,131.0
882,Malawi,2016,4.156,132.0
883,Malawi,2017,3.97,136.0
884,Malawi,2018,3.587,147.0
885,Malawi,2019,3.41,150.0
886,Malawi,2020,3.538,145.0
887,Malawi,2021,3.6,144.0
888,Malawi,2022,3.75,138.0
889,Malawi,2023,3.495,131.0
890,Malaysia,2013,5.76,56.0
891,Malaysia,2015,5.77,61.0
892,Malaysia,2016,6.005,47.0
893,Malaysia,2017,6.084,42.0
894,Malaysia,2018,6.322,35.0
895,Malaysia,2019,5.339,80.0
896,Malaysia,2020,5.384,82.0
897,Malaysia,2021,5.384,81.0
898,Malaysia,2022,5.711,70.0
899,Malaysia,2023,6.012,55.0
906,Maldives,2020,5.198,87.0
907,Maldives,2021,5.198,89.0
910,Mali,2013,4.247,132.0
911,Mali,2015,3.995,138.0
912,Mali,2016,4.073,135.0
913,Mali,2017,4.19,127.0
914,Mali,2018,4.447,118.0
915,Mali,2019,4.39,128.0
916,Mali,2020,4.729,114.0
917,Mali,2021,4.723,117.0
918,Mali,2022,4.479,123.0
919,Mali,2023,4.198,120.0
920,Malta,2013,5.964,48.0
921,Malta,2015,6.302,37.0
922,Malta,2016,6.488,30.0
923,Malta,2017,6.527,27.0
924,Malta,2018,6.627,22.0
925,Malta,2019,6.726,22.0
926,Malta,2020,6.773,22.0
927,Malta,2021,6.602,23.0
928,Malta,2022,6.447,33.0
929,Malta,2023,6.3,37.0
930,Mauritania,2013,4.758,112.0
931,Mauritania,2015,4.436,124.0
932,Mauritania,2016,4.201,130.0
933,Mauritania,2017,4.292,123.0
934,Mauritania,2018,4.356,126.0
935,Mauritania,2019,4.49,122.0
936,Mauritania,2020,4.375,129.0
937,Mauritania,2021,4.227,134.0
938,Mauritania,2022,4.153,133.0
939,Mauritania,2023,4.724,103.0
940,Mauritius,2013,5.477,67.0
941,Mauritius,2015,5.477,71.0
942,Mauritius,2016,5.648,66.0
943,Mauritius,2017,5.629,64.0
944,Mauritius,2018,5.891,55.0
945,Mauritius,2019,5.888,57.0
946,Mauritius,2020,6.101,49.0
947,Mauritius,2021,6.049,50.0
948,Mauritius,2022,6.071,52.0
949,Mauritius,2023,5.902,59.0
950,Mexico,2013,7.088,16.0
951,Mexico,2015,7.187,14.0
952,Mexico,2016,6.778,21.0
953,Mexico,2017,6.578,25.0
954,Mexico,2018,6.488,24.0
955,Mexico,2019,6.595,23.0
956,Mexico,2020,6.465,24.0
957,Mexico,2021,6.317,36.0
958,Mexico,2022,6.128,46.0
959,Mexico,2023,6.33,36.0
960,Moldova,2013,5.791,53.0
961,Moldova,2015,5.889,52.0
962,Moldova,2016,5.897,55.0
963,Moldova,2017,5.838,56.0
964,Moldova,2018,5.64,67.0
965,Moldova,2019,5.529,71.0
966,Moldova,2020,5.608,70.0
967,Moldova,2021,5.766,65.0
968,Moldova,2022,5.857,62.0
969,Moldova,2023,5.819,63.0
970,Mongolia,2013,4.834,102.0
971,Mongolia,2015,4.874,100.0
972,Mongolia,2016,4.907,101.0
973,Mongolia,2017,4.955,100.0
974,Mongolia,2018,5.125,94.0
975,Mongolia,2019,5.285,83.0
976,Mongolia,2020,5.456,81.0
977,Mongolia,2021,5.677,70.0
978,Mongolia,2022,5.761,68.0
979,Mongolia,2023,5.84,61.0
980,Montenegro,2013,5.299,80.0
981,Montenegro,2015,5.192,83.0
982,Montenegro,2016,5.161,88.0
983,Montenegro,2017,5.237,83.0
984,Montenegro,2018,5.347,81.0
985,Montenegro,2019,5.523,73.0
986,Montenegro,2020,5.546,72.0
987,Montenegro,2021,5.581,72.0
988,Montenegro,2022,5.547,75.0
989,Montenegro,2023,5.722,67.0
990,Morocco,2013,4.885,99.0
991,Morocco,2015,5.013,92.0
992,Morocco,2016,5.151,90.0
993,Morocco,2017,5.235,84.0
994,Morocco,2018,5.254,85.0
995,Morocco,2019,5.208,89.0
996,Morocco,2020,5.095,97.0
997,Morocco,2021,4.918,106.0
998,Morocco,2022,5.06,100.0
999,Morocco,2023,4.903,100.0
1000,Mozambique,2013,4.971,94.0
1001,Mozambique,2015,4.971,94.0
1003,Mozambique,2017,4.55,113.0
1004,Mozambique,2018,4.417,123.0
1005,Mozambique,2019,4.466,123.0
1006,Mozambique,2020,4.624,120.0
1007,Mozambique,2021,4.794,115.0
1008,Mozambique,2022,5.048,101.0
1009,Mozambique,2023,4.954,97.0
1010,Myanmar,2013,4.439,121.0
1011,Myanmar,2015,4.307,129.0
1012,Myanmar,2016,4.395,119.0
1013,Myanmar,2017,4.545,114.0
1014,Myanmar,2018,4.308,130.0
1015,Myanmar,2019,4.36,131.0
1016,Myanmar,2020,4.308,133.0
1017,Myanmar,2021,4.426,126.0
1018,Myanmar,2022,4.394,126.0
1019,Myanmar,2023,4.372,117.0
1022,Namibia,2016,4.574,113.0
1023,Namibia,2017,4.574,111.0
1024,Namibia,2018,4.441,119.0
1025,Namibia,2019,4.639,113.0
1026,Namibia,2020,4.571,122.0
1027,Namibia,2021,4.574,124.0
1028,Namibia,2022,4.459,124.0
1029,Namibia,2023,4.631,105.0
1030,Nepal,2013,4.156,135.0
1031,Nepal,2015,4.514,121.0
1032,Nepal,2016,4.793,107.0
1033,Nepal,2017,4.962,99.0
1034,Nepal,2018,4.88,101.0
1035,Nepal,2019,4.913,100.0
1036,Nepal,2020,5.137,92.0
1037,Nepal,2021,5.269,87.0
1038,Nepal,2022,5.377,84.0
1039,Nepal,2023,5.36,78.0
1040,Netherlands,2013,7.512,4.0
1041,Netherlands,2015,7.378,7.0
1042,Netherlands,2016,7.339,7.0
1043,Netherlands,2017,7.377,6.0
1044,Netherlands,2018,7.441,6.0
1045,Netherlands,2019,7.488,5.0
1046,Netherlands,2020,7.449,6.0
1047,Netherlands,2021,7.464,5.0
1048,Netherlands,2022,7.415,5.0
1049,Netherlands,2023,7.403,5.0
1050,New Zealand,2013,7.221,13.0
1051,New Zealand,2015,7.286,9.0
1052,New Zealand,2016,7.334,8.0
1053,New Zealand,2017,7.314,8.0
1054,New Zealand,2018,7.324,8.0
1055,New Zealand,2019,7.307,8.0
1056,New Zealand,2020,7.3,8.0
1057,New Zealand,2021,7.277,9.0
1058,New Zealand,2022,7.2,10.0
1059,New Zealand,2023,7.123,10.0
1060,Nicaragua,2013,5.507,65.0
1061,Nicaragua,2015,5.828,57.0
1062,Nicaragua,2016,5.992,48.0
1063,Nicaragua,2017,6.071,43.0
1064,Nicaragua,2018,6.141,41.0
1065,Nicaragua,2019,6.105,45.0
1066,Nicaragua,2020,6.137,46.0
1067,Nicaragua,2021,5.972,55.0
1068,Nicaragua,2022,6.165,45.0
1069,Nicaragua,2023,6.259,40.0
1070,Niger,2013,4.152,136.0
1071,Niger,2015,3.845,144.0
1072,Niger,2016,3.856,142.0
1073,Niger,2017,4.028,135.0
1074,Niger,2018,4.166,134.0
1075,Niger,2019,4.628,114.0
1076,Niger,2020,4.91,103.0
1077,Niger,2021,5.074,96.0
1078,Niger,2022,5.003,104.0
1079,Niger,2023,4.501,109.0
1080,Nigeria,2013,5.248,82.0
1081,Nigeria,2015,5.268,78.0
1082,Nigeria,2016,4.875,103.0
1083,Nigeria,2017,5.074,95.0
1084,Nigeria,2018,5.155,91.0
1085,Nigeria,2019,5.265,85.0
1086,Nigeria,2020,4.724,115.0
1087,Nigeria,2021,4.759,116.0
1088,Nigeria,2022,4.552,118.0
1089,Nigeria,2023,4.981,95.0
1090,North Cyprus,2013,5.463,69.0
1091,North Cyprus,2015,5.695,66.0
1092,North Cyprus,2016,5.771,62.0
1093,North Cyprus,2017,5.81,61.0
1094,North Cyprus,2018,5.835,58.0
1095,North Cyprus,2019,5.718,64.0
1096,North Cyprus,2020,5.536,76.0
1097,North Cyprus,2021,5.536,74.0
1098,North Cyprus,2022,5.467,79.0
1100,North Macedonia,2013,4.574,118.0
1101,North Macedonia,2015,5.007,93.0
1102,North Macedonia,2016,5.121,95.0
1103,North Macedonia,2017,5.175,92.0
1104,North Macedonia,2018,5.185,89.0
1105,North Macedonia,2019,5.274,84.0
1106,North Macedonia,2020,5.16,90.0
1107,North Macedonia,2021,5.101,94.0
1108,North Macedonia,2022,5.199,89.0
1109,North Macedonia,2023,5.254,87.0
1110,Norway,2013,7.655,2.0
1111,Norway,2015,7.522,4.0
1112,Norway,2016,7.498,4.0
1113,Norway,2017,7.537,1.0
1114,Norway,2018,7.594,2.0
1115,Norway,2019,7.554,3.0
1116,Norway,2020,7.488,5.0
1117,Norway,2021,7.392,6.0
1118,Norway,2022,7.365,8.0
1119,Norway,2023,7.315,7.0
1120,Oman,2013,6.853,23.0
1121,Oman,2015,6.853,22.0
1130,Pakistan,2013,5.292,81.0
1131,Pakistan,2015,5.194,81.0
1132,Pakistan,2016,5.132,92.0
1133,Pakistan,2017,5.269,80.0
1134,Pakistan,2018,5.472,75.0
1135,Pakistan,2019,5.653,67.0
1136,Pakistan,2020,5.693,66.0
1137,Pakistan,2021,4.934,105.0
1138,Pakistan,2022,4.516,121.0
1139,Pakistan,2023,4.555,108.0
1140,Palestine,2013,4.7,113.0
1141,Palestine,2015,4.715,108.0
1142,Palestine,2016,4.754,108.0
1143,Palestine,2017,4.775,103.0
1144,Palestine,2018,4.743,104.0
1145,Palestine,2019,4.696,110.0
1146,Palestine,2020,4.553,125.0
1147,Palestine,2021,4.517,125.0
1148,Palestine,2022,4.483,122.0
1149,Palestine,2023,4.908,99.0
1150,Panama,2013,7.143,15.0
1151,Panama,2015,6.786,25.0
1152,Panama,2016,6.701,25.0
1153,Panama,2017,6.452,30.0
1154,Panama,2018,6.43,27.0
1155,Panama,2019,6.321,31.0
1156,Panama,2020,6.305,36.0
1157,Panama,2021,6.18,41.0
1158,Panama,2022,6.309,37.0
1159,Panama,2023,6.265,38.0
1160,Paraguay,2013,5.779,54.0
1161,Paraguay,2015,5.878,53.0
1162,Paraguay,2016,5.538,70.0
1163,Paraguay,2017,5.493,70.0
1164,Paraguay,2018,5.681,64.0
1165,Paraguay,2019,5.743,63.0
1166,Paraguay,2020,5.692,67.0
1167,Paraguay,2021,5.653,71.0
1168,Paraguay,2022,5.578,73.0
1169,Paraguay,2023,5.738,66.0
1170,Peru,2013,5.776,55.0
1171,Peru,2015,5.824,58.0
1172,Peru,2016,5.743,64.0
1173,Peru,2017,5.715,63.0
1174,Peru,2018,5.663,65.0
1175,Peru,2019,5.697,65.0
1176,Peru,2020,5.797,63.0
1177,Peru,2021,5.84,63.0
1178,Peru,2022,5.559,74.0
1179,Peru,2023,5.526,75.0
1180,Philippines,2013,4.985,92.0
1181,Philippines,2015,5.073,90.0
1182,Philippines,2016,5.279,82.0
1183,Philippines,2017,5.43,72.0
1184,Philippines,2018,5.524,71.0
1185,Philippines,2019,5.631,69.0
1186,Philippines,2020,6.006,52.0
1187,Philippines,2021,5.88,61.0
1188,Philippines,2022,5.904,60.0
1189,Philippines,2023,5.523,76.0
1190,Poland,2013,5.822,51.0
1191,Poland,2015,5.791,60.0
1192,Poland,2016,5.835,58.0
1193,Poland,2017,5.973,46.0
1194,Poland,2018,6.123,42.0
1195,Poland,2019,6.182,40.0
1196,Poland,2020,6.186,43.0
1197,Poland,2021,6.166,44.0
1198,Poland,2022,6.123,48.0
1199,Poland,2023,6.26,39.0
1200,Portugal,2013,5.101,85.0
1201,Portugal,2015,5.102,88.0
1202,Portugal,2016,5.123,94.0
1203,Portugal,2017,5.195,89.0
1204,Portugal,2018,5.41,77.0
1205,Portugal,2019,5.693,66.0
1206,Portugal,2020,5.911,59.0
1207,Portugal,2021,5.929,58.0
1208,Portugal,2022,6.016,56.0
1209,Portugal,2023,5.968,56.0
1212,Puerto Rico,2016,7.039,15.0
1220,Qatar,2013,6.666,27.0
1221,Qatar,2015,6.611,28.0
1222,Qatar,2016,6.375,36.0
1223,Qatar,2017,6.375,35.0
1224,Qatar,2018,6.374,32.0
1225,Qatar,2019,6.374,29.0
1230,Romania,2013,5.033,90.0
1231,Romania,2015,5.124,86.0
1232,Romania,2016,5.528,71.0
1233,Romania,2017,5.825,57.0
1234,Romania,2018,5.945,52.0
1235,Romania,2019,6.07,48.0
1236,Romania,2020,6.124,47.0
1237,Romania,2021,6.14,46.0
1238,Romania,2022,6.477,28.0
1239,Romania,2023,5.689,24.0
1240,Russia,2013,5.464,68.0
1241,Russia,2015,5.716,64.0
1242,Russia,2016,5.856,56.0
1243,Russia,2017,5.963,49.0
1244,Russia,2018,5.81,59.0
1245,Russia,2019,5.648,68.0
1246,Russia,2020,5.546,73.0
1247,Russia,2021,5.477,76.0
1248,Russia,2022,5.459,80.0
1249,Russia,2023,5.661,70.0
1250,Rwanda,2013,3.715,152.0
1251,Rwanda,2015,3.465,154.0
1252,Rwanda,2016,3.515,152.0
1253,Rwanda,2017,3.471,151.0
1254,Rwanda,2018,3.408,151.0
1255,Rwanda,2019,3.334,152.0
1256,Rwanda,2020,3.312,150.0
1257,Rwanda,2021,3.415,147.0
1258,Rwanda,2022,3.268,143.0
1260,Saudi Arabia,2013,6.48,33.0
1261,Saudi Arabia,2015,6.411,35.0
1262,Saudi Arabia,2016,6.379,35.0
1263,Saudi Arabia,2017,6.344,37.0
1264,Saudi Arabia,2018,6.371,33.0
1265,Saudi Arabia,2019,6.375,28.0
1266,Saudi Arabia,2020,6.406,27.0
1267,Saudi Arabia,2021,6.494,26.0
1268,Saudi Arabia,2022,6.523,25.0
1269,Saudi Arabia,2023,6.463,30.0
1270,Senegal,2013,3.959,147.0
1271,Senegal,2015,3.904,142.0
1272,Senegal,2016,4.219,128.0
1273,Senegal,2017,4.535,115.0
1274,Senegal,2018,4.631,109.0
1275,Senegal,2019,4.681,111.0
1276,Senegal,2020,4.981,101.0
1277,Senegal,2021,5.132,92.0
1278,Senegal,2022,5.046,103.0
1279,Senegal,2023,4.855,102.0
1280,Serbia,2013,4.813,106.0
1281,Serbia,2015,5.123,87.0
1282,Serbia,2016,5.177,86.0
1283,Serbia,2017,5.395,73.0
1284,Serbia,2018,5.398,78.0
1285,Serbia,2019,5.603,70.0
1286,Serbia,2020,5.778,64.0
1287,Serbia,2021,6.078,48.0
1288,Serbia,2022,6.178,43.0
1289,Serbia,2023,6.144,45.0
1290,Sierra Leone,2013,4.318,127.0
1291,Sierra Leone,2015,4.507,123.0
1292,Sierra Leone,2016,4.635,111.0
1293,Sierra Leone,2017,4.709,106.0
1294,Sierra Leone,2018,4.571,113.0
1295,Sierra Leone,2019,4.374,129.0
1296,Sierra Leone,2020,3.926,139.0
1297,Sierra Leone,2021,3.849,138.0
1298,Sierra Leone,2022,3.574,140.0
1299,Sierra Leone,2023,3.138,135.0
1300,Singapore,2013,6.546,30.0
1301,Singapore,2015,6.798,24.0
1302,Singapore,2016,6.739,22.0
1303,Singapore,2017,6.572,26.0
1304,Singapore,2018,6.343,34.0
1305,Singapore,2019,6.262,34.0
1306,Singapore,2020,6.377,31.0
1307,Singapore,2021,6.377,32.0
1308,Singapore,2022,6.48,27.0
1309,Singapore,2023,6.587,25.0
1310,Slovakia,2013,5.969,46.0
1311,Slovakia,2015,5.995,45.0
1312,Slovakia,2016,6.078,45.0
1313,Slovakia,2017,6.098,40.0
1314,Slovakia,2018,6.173,39.0
1315,Slovakia,2019,6.198,38.0
1316,Slovakia,2020,6.281,37.0
1317,Slovakia,2021,6.331,34.0
1318,Slovakia,2022,6.391,35.0
1319,Slovakia,2023,6.469,29.0
1320,Slovenia,2013,6.06,44.0
1321,Slovenia,2015,5.848,55.0
1322,Slovenia,2016,5.768,63.0
1323,Slovenia,2017,5.758,62.0
1324,Slovenia,2018,5.948,51.0
1325,Slovenia,2019,6.118,44.0
1326,Slovenia,2020,6.363,33.0
1327,Slovenia,2021,6.461,29.0
1328,Slovenia,2022,6.63,22.0
1329,Slovenia,2023,6.65,22.0
1332,Somalia,2016,5.44,76.0
1333,Somalia,2017,5.151,93.0
1334,Somalia,2018,4.982,98.0
1335,Somalia,2019,4.668,112.0
1340,Somaliland,2013,4.847,101.0
1341,Somaliland,2015,5.057,91.0
1342,Somaliland,2016,5.057,97.0
1350,South Africa,2013,4.963,96.0
1351,South Africa,2015,4.642,113.0
1352,South Africa,2016,4.459,116.0
1353,South Africa,2017,4.829,101.0
1354,South Africa,2018,4.724,105.0
1355,South Africa,2019,4.722,106.0
1356,South Africa,2020,4.814,109.0
1357,South Africa,2021,4.956,103.0
1358,South Africa,2022,5.194,91.0
1359,South Africa,2023,5.275,85.0
1360,South Korea,2013,6.267,41.0
1361,South Korea,2015,5.984,47.0
1362,South Korea,2016,5.835,57.0
1363,South Korea,2017,5.838,55.0
1364,South Korea,2018,5.875,57.0
1365,South Korea,2019,5.895,54.0
1366,South Korea,2020,5.872,61.0
1367,South Korea,2021,5.845,62.0
1368,South Korea,2022,5.935,59.0
1369,South Korea,2023,5.951,57.0
1372,South Sudan,2016,3.832,143.0
1373,South Sudan,2017,3.591,147.0
1374,South Sudan,2018,3.254,154.0
1375,South Sudan,2019,2.853,156.0
1376,South Sudan,2020,2.817,152.0
1380,Spain,2013,6.322,38.0
1381,Spain,2015,6.329,36.0
1382,Spain,2016,6.361,37.0
1383,Spain,2017,6.403,34.0
1384,Spain,2018,6.31,36.0
1385,Spain,2019,6.354,30.0
1386,Spain,2020,6.401,28.0
1387,Spain,2021,6.491,27.0
1388,Spain,2022,6.476,29.0
1389,Spain,2023,6.436,32.0
1390,Sri Lanka,2013,4.151,137.0
1391,Sri Lanka,2015,4.271,132.0
1392,Sri Lanka,2016,4.415,117.0
1393,Sri Lanka,2017,4.44,120.0
1394,Sri Lanka,2018,4.471,116.0
1395,Sri Lanka,2019,4.366,130.0
1396,Sri Lanka,2020,4.327,130.0
1397,Sri Lanka,2021,4.325,129.0
1398,Sri Lanka,2022,4.362,127.0
1399,Sri Lanka,2023,4.442,112.0
1400,Sudan,2013,4.401,124.0
1401,Sudan,2015,4.55,118.0
1402,Sudan,2016,4.139,133.0
1403,Sudan,2017,4.139,130.0
1404,Sudan,2018,4.139,137.0
1410,Suriname,2013,6.269,40.0
1411,Suriname,2015,6.269,40.0
1412,Suriname,2016,6.269,40.0
1420,Swaziland,2013,4.867,100.0
1421,Swaziland,2015,4.867,101.0
1425,Swaziland,2019,4.212,135.0
1426,Swaziland,2020,4.308,132.0
1427,Swaziland,2021,4.308,130.0
1430,Sweden,2013,7.48,5.0
1431,Sweden,2015,7.364,8.0
1432,Sweden,2016,7.291,10.0
1433,Sweden,2017,7.284,10.0
1434,Sweden,2018,7.314,9.0
1435,Sweden,2019,7.343,7.0
1436,Sweden,2020,7.353,7.0
1437,Sweden,2021,7.363,7.0
1438,Sweden,2022,7.384,7.0
1439,Sweden,2023,7.395,6.0
1440,Switzerland,2013,7.65,3.0
1441,Switzerland,2015,7.587,1.0
1442,Switzerland,2016,7.509,2.0
1443,Switzerland,2017,7.494,4.0
1444,Switzerland,2018,7.487,5.0
1445,Switzerland,2019,7.48,6.0
1446,Switzerland,2020,7.56,3.0
1447,Switzerland,2021,7.571,3.0
1448,Switzerland,2022,7.512,4.0
1449,Switzerland,2023,7.24,8.0
1450,Syria,2013,3.892,148.0
1451,Syria,2015,3.006,156.0
1452,Syria,2016,3.069,156.0
1453,Syria,2017,3.462,152.0
1454,Syria,2018,3.462,150.0
1455,Syria,2019,3.462,149.0
1460,Taiwan,2013,6.221,42.0
1461,Taiwan,2015,6.298,38.0
1462,Taiwan,2016,6.379,34.0
1463,Taiwan,2017,6.422,33.0
1464,Taiwan,2018,6.441,26.0
1465,Taiwan,2019,6.446,25.0
1466,Taiwan,2020,6.455,25.0
1467,Taiwan,2021,6.584,24.0
1468,Taiwan,2022,6.512,26.0
1469,Taiwan,2023,6.535,27.0
1470,Tajikistan,2013,4.38,125.0
1471,Tajikistan,2015,4.786,106.0
1472,Tajikistan,2016,4.996,100.0
1473,Tajikistan,2017,5.041,96.0
1474,Tajikistan,2018,5.352,80.0
1475,Tajikistan,2019,5.467,74.0
1476,Tajikistan,2020,5.556,71.0
1477,Tajikistan,2021,5.466,78.0
1478,Tajikistan,2022,5.377,83.0
1479,Tajikistan,2023,5.33,80.0
1480,Tanzania,2013,3.77,151.0
1481,Tanzania,2015,3.781,146.0
1482,Tanzania,2016,3.666,149.0
1483,Tanzania,2017,3.349,153.0
1484,Tanzania,2018,3.303,153.0
1485,Tanzania,2019,3.231,153.0
1486,Tanzania,2020,3.476,148.0
1487,Tanzania,2021,3.623,142.0
1488,Tanzania,2022,3.702,139.0
1489,Tanzania,2023,3.694,129.0
1490,Thailand,2013,6.371,36.0
1491,Thailand,2015,6.455,34.0
1492,Thailand,2016,6.474,33.0
1493,Thailand,2017,6.424,32.0
1494,Thailand,2018,6.072,46.0
1495,Thailand,2019,6.008,52.0
1496,Thailand,2020,5.999,54.0
1497,Thailand,2021,5.985,54.0
1498,Thailand,2022,5.891,61.0
1499,Thailand,2023,5.843,60.0
1500,Togo,2013,2.936,156.0
1501,Togo,2015,2.839,158.0
1502,Togo,2016,3.303,155.0
1503,Togo,2017,3.495,150.0
1504,Togo,2018,3.999,139.0
1505,Togo,2019,4.085,139.0
1506,Togo,2020,4.187,135.0
1507,Togo,2021,4.107,136.0
1508,Togo,2022,4.112,135.0
1509,Togo,2023,4.137,122.0
1510,Trinidad and Tobago,2013,6.519,31.0
1511,Trinidad and Tobago,2015,6.168,41.0
1512,Trinidad and Tobago,2016,6.168,43.0
1513,Trinidad and Tobago,2017,6.168,38.0
1514,Trinidad and Tobago,2018,6.192,38.0
1515,Trinidad and Tobago,2019,6.192,39.0
1516,Trinidad and Tobago,2020,6.192,42.0
1520,Tunisia,2013,4.826,104.0
1521,Tunisia,2015,4.739,107.0
1522,Tunisia,2016,5.045,98.0
1523,Tunisia,2017,4.805,102.0
1524,Tunisia,2018,4.592,111.0
1525,Tunisia,2019,4.461,124.0
1526,Tunisia,2020,4.392,128.0
1527,Tunisia,2021,4.596,122.0
1528,Tunisia,2022,4.516,120.0
1529,Tunisia,2023,4.497,110.0
1530,Turkiye,2013,5.345,77.0
1531,Turkiye,2015,5.332,76.0
1532,Turkiye,2016,5.389,78.0
1533,Turkiye,2017,5.5,69.0
1534,Turkiye,2018,5.483,74.0
1535,Turkiye,2019,5.373,79.0
1536,Turkiye,2020,5.132,93.0
1537,Turkiye,2021,4.948,104.0
1538,Turkiye,2022,4.744,112.0
1539,Turkiye,2023,4.614,106.0
1540,Turkmenistan,2013,5.628,59.0
1541,Turkmenistan,2015,5.548,70.0
1542,Turkmenistan,2016,5.658,65.0
1543,Turkmenistan,2017,5.822,59.0
1544,Turkmenistan,2018,5.636,68.0
1545,Turkmenistan,2019,5.247,87.0
1546,Turkmenistan,2020,5.119,95.0
1547,Turkmenistan,2021,5.066,97.0
1548,Turkmenistan,2022,5.474,78.0
1550,Uganda,2013,4.443,120.0
1551,Uganda,2015,3.931,141.0
1552,Uganda,2016,3.739,145.0
1553,Uganda,2017,4.081,133.0
1554,Uganda,2018,4.161,135.0
1555,Uganda,2019,4.189,136.0
1556,Uganda,2020,4.432,126.0
1557,Uganda,2021,4.636,119.0
1558,Uganda,2022,4.603,117.0
1559,Uganda,2023,4.432,113.0
1560,Ukraine,2013,5.057,87.0
1561,Ukraine,2015,4.681,111.0
1562,Ukraine,2016,4.324,123.0
1563,Ukraine,2017,4.096,132.0
1564,Ukraine,2018,4.103,138.0
1565,Ukraine,2019,4.332,133.0
1566,Ukraine,2020,4.561,123.0
1567,Ukraine,2021,4.875,110.0
1568,Ukraine,2022,5.084,98.0
1569,Ukraine,2023,5.071,92.0
1570,United Arab Emirates,2013,7.144,14.0
1571,United Arab Emirates,2015,6.901,20.0
1572,United Arab Emirates,2016,6.573,28.0
1573,United Arab Emirates,2017,6.648,21.0
1574,United Arab Emirates,2018,6.774,20.0
1575,United Arab Emirates,2019,6.825,21.0
1576,United Arab Emirates,2020,6.791,21.0
1577,United Arab Emirates,2021,6.561,25.0
1578,United Arab Emirates,2022,6.576,24.0
1579,United Arab Emirates,2023,6.571,26.0
1580,United Kingdom,2013,6.883,22.0
1581,United Kingdom,2015,6.867,21.0
1582,United Kingdom,2016,6.725,23.0
1583,United Kingdom,2017,6.714,19.0
1584,United Kingdom,2018,6.814,19.0
1585,United Kingdom,2019,7.054,15.0
1586,United Kingdom,2020,7.165,13.0
1587,United Kingdom,2021,7.064,17.0
1588,United Kingdom,2022,6.943,17.0
1589,United Kingdom,2023,6.796,19.0
1590,United States,2013,7.082,17.0
1591,United States,2015,7.119,15.0
1592,United States,2016,7.104,13.0
1593,United States,2017,6.993,14.0
1594,United States,2018,6.886,18.0
1595,United States,2019,6.892,19.0
1596,United States,2020,6.94,18.0
1597,United States,2021,6.951,19.0
1598,United States,2022,6.977,16.0
1599,United States,2023,6.894,15.0
1600,Uruguay,2013,6.355,37.0
1601,Uruguay,2015,6.485,32.0
1602,Uruguay,2016,6.545,29.0
1603,Uruguay,2017,6.454,28.0
1604,Uruguay,2018,6.379,31.0
1605,Uruguay,2019,6.293,33.0
1606,Uruguay,2020,6.44,26.0
1607,Uruguay,2021,6.431,31.0
1608,Uruguay,2022,6.474,30.0
1609,Uruguay,2023,6.494,28.0
1610,Uzbekistan,2013,5.623,60.0
1611,Uzbekistan,2015,6.003,44.0
1612,Uzbekistan,2016,5.987,49.0
1613,Uzbekistan,2017,5.971,47.0
1614,Uzbekistan,2018,6.096,44.0
1615,Uzbekistan,2019,6.174,41.0
1616,Uzbekistan,2020,6.258,38.0
1617,Uzbekistan,2021,6.179,42.0
1618,Uzbekistan,2022,6.063,53.0
1619,Uzbekistan,2023,6.014,54.0
1620,Venezuela,2013,7.039,20.0
1621,Venezuela,2015,6.81,23.0
1622,Venezuela,2016,6.084,44.0
1623,Venezuela,2017,5.25,82.0
1624,Venezuela,2018,4.806,102.0
1625,Venezuela,2019,4.707,108.0
1626,Venezuela,2020,5.053,99.0
1627,Venezuela,2021,4.892,107.0
1628,Venezuela,2022,4.925,108.0
1629,Venezuela,2023,5.211,88.0
1630,Vietnam,2013,5.533,63.0
1631,Vietnam,2015,5.36,75.0
1632,Vietnam,2016,5.061,96.0
1633,Vietnam,2017,5.074,94.0
1634,Vietnam,2018,5.103,95.0
1635,Vietnam,2019,5.175,94.0
1636,Vietnam,2020,5.353,83.0
1637,Vietnam,2021,5.411,79.0
1638,Vietnam,2022,5.485,77.0
1639,Vietnam,2023,5.763,65.0
1640,Yemen,2013,4.054,142.0
1641,Yemen,2015,4.077,136.0
1642,Yemen,2016,3.724,147.0
1643,Yemen,2017,3.593,146.0
1644,Yemen,2018,3.355,152.0
1645,Yemen,2019,3.38,151.0
1646,Yemen,2020,3.527,146.0
1647,Yemen,2021,3.658,141.0
1648,Yemen,2022,4.197,132.0
1650,Zambia,2013,5.006,91.0
1651,Zambia,2015,5.129,85.0
1652,Zambia,2016,4.795,106.0
1653,Zambia,2017,4.514,116.0
1654,Zambia,2018,4.377,125.0
1655,Zambia,2019,4.107,138.0
1656,Zambia,2020,3.759,141.0
1657,Zambia,2021,4.073,137.0
1658,Zambia,2022,3.76,137.0
1659,Zambia,2023,3.982,128.0
1660,Zimbabwe,2013,4.827,103.0
1661,Zimbabwe,2015,4.61,115.0
1662,Zimbabwe,2016,4.193,131.0
1663,Zimbabwe,2017,3.875,138.0
1664,Zimbabwe,2018,3.692,144.0
1665,Zimbabwe,2019,3.663,146.0
1666,Zimbabwe,2020,3.299,151.0
1667,Zimbabwe,2021,3.145,148.0
1668,Zimbabwe,2022,2.995,144.0
1669,Zimbabwe,2023,3.204,134.0
